brand,brand_short,product,product_short,hex,R,G,B,group,L,A,B_lab,ITA,skin_tone,undertone,shade_number,shade_name
Maybelline,mb,Fit Me,fmf,f3cfb3,243,207,179,2,85.472,8.517,18.6064,62.3213,Very Light,Warm,102,Fair Porcelain
Maybelline,mb,Fit Me,fmf,ffe3c2,255,227,194,2,91.7274,4.6655,19.643,64.7915,Very Light,Warm,110,Porcelain
Maybelline,mb,Fit Me,fmf,ffe0cd,255,224,205,2,91.2255,7.7598,13.2147,72.2269,Very Light,Neutral,112,Natural Ivory
Maybelline,mb,Fit Me,fmf,ffd3be,255,211,190,2,87.7604,12.3748,16.1794,66.8061,Very Light,Cool,115,Ivory
Maybelline,mb,Fit Me,fmf,bd9584,189,149,132,2,64.9474,12.5113,14.6997,45.4787,Light,Cool,310,Sun Beige
Maybelline,mb,Fit Me,fmf,eabda6,234,189,166,2,79.9782,12.8509,17.7294,59.3995,Very Light,Cool,128,Warm Nude
Maybelline,mb,Fit Me,fmf,fbd2ad,251,210,173,2,86.811,9.1823,23.7205,57.2028,Very Light,Warm,130,Buff Beige
Maybelline,mb,Fit Me,fmf,e2b597,226,181,151,2,76.9524,12.1086,21.4673,51.4631,Light,Warm,128,Warm Nude
Maybelline,mb,Fit Me,fmf,e4b38e,228,179,142,2,76.4904,12.8715,25.6927,45.8758,Light,Warm,230,Natural Buff
Maybelline,mb,Fit Me,fmf,b2856f,178,133,111,2,59.3327,14.2672,18.5851,26.664,Tan,Warm,315,Soft Honey
Maybelline,mb,Fit Me,fmf,e8ba8c,232,186,140,2,78.5603,10.5065,29.5963,43.9794,Light,Warm,230,Natural Buff
Maybelline,mb,Fit Me,fmf,f3b584,243,181,132,2,78.3281,16.6599,33.7029,40.0479,Intermediate,Warm,230,Natural Buff
Maybelline,mb,Fit Me,fmf,f0b996,240,185,150,2,79.2869,15.2935,25.4118,49.0523,Light,Warm,125,Nude Beige
Maybelline,mb,Fit Me,fmf,e3b082,227,176,130,2,75.4485,12.7445,30.6741,39.6805,Intermediate,Warm,230,Natural Buff
Maybelline,mb,Fit Me,fmf,eab181,234,177,129,2,76.3899,14.9011,32.5721,39.0144,Intermediate,Warm,230,Natural Buff
Maybelline,mb,Fit Me,fmf,9d7359,157,115,89,2,52.0085,13.1026,20.863,5.499,Brown,Warm,330,Toffee
Maybelline,mb,Fit Me,fmf,e2aa7b,226,170,123,2,73.7724,14.8233,32.17,36.463,Intermediate,Warm,230,Natural Buff
Maybelline,mb,Fit Me,fmf,d99358,217,147,88,2,66.7685,20.4496,41.5329,21.9859,Tan,Warm,240,Golden Beige
Maybelline,mb,Fit Me,fmf,9c744f,156,116,79,2,51.9774,11.0167,26.5013,4.2672,Brown,Warm,320,Natural Tan
Maybelline,mb,Fit Me,fmf,b18b65,177,139,101,2,60.5631,9.3302,25.8185,22.2509,Tan,Warm,332,Golden
Maybelline,mb,Fit Me,fmf,84583f,132,88,63,2,41.6024,15.1598,21.8219,-21.0479,Brown,Warm,350,Caramel
Maybelline,mb,Fit Me,fmf,7d5631,125,86,49,2,39.9785,11.8917,27.7538,-19.8539,Brown,Warm,355,Coconut
Maybelline,mb,Fit Me,fmf,c07746,192,119,70,2,56.9235,23.98,38.4834,10.1989,Tan,Warm,320,Natural Tan
Maybelline,mb,Fit Me,fmf,643c27,100,60,39,2,29.6335,15.2336,20.2611,-45.1486,Dark,Warm,360,Mocha
Maybelline,mb,Fit Me,fmf,edcfb9,237,207,185,2,85.0649,7.1251,14.7902,67.1302,Very Light,Neutral,102,Fair Porcelain
Maybelline,mb,Fit Me,fmf,e1bba7,225,187,167,2,78.6595,10.6422,15.2231,62.024,Very Light,Neutral,128,Warm Nude
Maybelline,mb,Fit Me,fmf,c1a07e,193,160,126,2,68.0108,7.2864,22.2952,38.9324,Intermediate,Warm,310,Sun Beige
Maybelline,mb,Fit Me,fmf,d09e7c,208,158,124,2,68.9829,14.1616,24.9562,37.2584,Intermediate,Warm,230,Natural Buff
Maybelline,mb,Fit Me,fmf,c7967d,199,150,125,2,66.0876,15.0368,20.331,38.354,Intermediate,Warm,310,Sun Beige
Maybelline,mb,Fit Me,fmf,c09578,192,149,120,2,65.0093,12.1691,21.5124,34.9037,Intermediate,Warm,310,Sun Beige
Maybelline,mb,Fit Me,fmf,9d6f48,157,111,72,2,50.6942,13.6356,28.8289,1.3794,Brown,Warm,320,Natural Tan
Maybelline,mb,Fit Me,fmf,a86d40,168,109,64,2,51.4206,18.8941,34.431,2.3626,Brown,Warm,320,Natural Tan
Maybelline,mb,Fit Me,fmf,7f5c3b,127,92,59,2,41.9733,10.1456,24.5176,-18.1277,Brown,Warm,350,Caramel
Maybelline,mb,Fit Me,fmf,735642,115,86,66,2,39.0607,9.116,16.294,-33.8762,Dark,Neutral,355,Coconut
Maybelline,mb,Fit Me,fmf,6b5041,107,80,65,2,36.4521,9.057,13.2249,-45.6912,Dark,Neutral,355,Coconut
Maybelline,mb,Fit Me,fmf,7d5c4d,125,92,77,2,42.0783,11.3364,13.908,-29.6649,Brown,Neutral,350,Caramel
Maybelline,mb,Fit Me,fmf,5c4433,92,68,51,2,30.9938,7.8023,14.3042,-53.0346,Dark,Neutral,360,Mocha
Maybelline,mb,Fit Me,fmf,5e3a23,94,58,35,2,28.1878,13.2958,20.7543,-46.4237,Dark,Warm,370,Java
Maybelline,mb,Fit Me,fmf,5e4638,94,70,56,2,31.911,8.137,12.4223,-55.5214,Dark,Neutral,360,Mocha
Maybelline,mb,Fit Me,fmf,3f2018,63,32,24,2,16.2852,13.9892,11.9569,-70.473,Dark,Cool,380,Espresso
bareMinerals,bm,barePRO,pro,edceb2,237,206,178,2,84.6704,6.6625,17.9358,62.6464,Very Light,Neutral,—,—
bareMinerals,bm,barePRO,pro,f0cba1,240,203,161,2,83.8679,7.1486,25.8201,52.6789,Light,Warm,—,—
bareMinerals,bm,barePRO,pro,ebc99c,235,201,156,2,82.8269,5.658,26.9542,50.6105,Light,Warm,—,—
bareMinerals,bm,barePRO,pro,e6bc94,230,188,148,2,79.0006,9.5848,25.9215,48.2088,Light,Warm,—,—
bareMinerals,bm,barePRO,pro,dcb79a,220,183,154,2,76.9311,9.109,19.7356,53.7654,Light,Warm,—,—
bareMinerals,bm,barePRO,pro,eac8a3,234,200,163,2,82.6184,6.6703,22.9734,54.8427,Light,Warm,—,—
bareMinerals,bm,barePRO,pro,e9c89e,233,200,158,2,82.4338,5.6557,25.3408,51.9992,Light,Warm,—,—
bareMinerals,bm,barePRO,pro,d4ad8a,212,173,138,2,73.364,9.305,23.3445,45.0239,Light,Warm,—,—
bareMinerals,bm,barePRO,pro,cfa786,207,167,134,2,71.3001,10.067,22.6258,43.2713,Light,Warm,—,—
bareMinerals,bm,barePRO,pro,d8b08c,216,176,140,2,74.5368,9.5181,23.9234,45.7252,Light,Warm,—,—
bareMinerals,bm,barePRO,pro,d4a97f,212,169,127,2,72.1663,10.1611,27.6562,38.712,Intermediate,Warm,—,—
bareMinerals,bm,barePRO,pro,deb58b,222,181,139,2,76.3405,9.0976,26.99,44.3022,Light,Warm,—,—
bareMinerals,bm,barePRO,pro,dbae85,219,174,133,2,74.2073,10.9532,27.2849,41.5796,Light,Warm,—,—
bareMinerals,bm,barePRO,pro,d5a275,213,162,117,2,70.3668,13.2605,30.6663,33.5898,Intermediate,Warm,—,—
bareMinerals,bm,barePRO,pro,d1a67e,209,166,126,2,71.1018,10.4596,26.7232,38.2962,Intermediate,Warm,—,—
bareMinerals,bm,barePRO,pro,e0ab81,224,171,129,2,73.9076,14.1096,29.1151,39.3908,Intermediate,Warm,—,—
bareMinerals,bm,barePRO,pro,ca9f75,202,159,117,2,68.4888,10.413,27.989,33.4477,Intermediate,Warm,—,—
bareMinerals,bm,barePRO,pro,c69c6c,198,156,108,2,67.1771,9.4455,31.0477,28.9535,Intermediate,Warm,—,—
bareMinerals,bm,barePRO,pro,bd9359,189,147,89,2,63.6795,8.7668,36.5383,20.5253,Tan,Warm,—,—
bareMinerals,bm,barePRO,pro,b38355,179,131,85,2,58.4839,13.0088,31.9731,14.8607,Tan,Warm,—,—
bareMinerals,bm,barePRO,pro,ab7945,171,121,69,2,54.8281,13.8069,35.901,7.6594,Brown,Warm,—,—
bareMinerals,bm,barePRO,pro,ab7944,171,121,68,2,54.8154,13.7294,36.4165,7.5326,Brown,Warm,—,—
bareMinerals,bm,barePRO,pro,ad7d59,173,125,89,2,56.3612,14.2082,26.9213,13.2945,Tan,Warm,—,—
bareMinerals,bm,barePRO,pro,a16c38,161,108,56,2,50.2029,15.8293,37.0542,0.3137,Brown,Warm,—,—
bareMinerals,bm,barePRO,pro,976236,151,98,54,2,46.4215,16.987,33.4227,-6.1113,Brown,Warm,—,—
bareMinerals,bm,barePRO,pro,8a5833,138,88,51,2,42.1892,16.7716,29.6697,-14.749,Brown,Warm,—,—
bareMinerals,bm,barePRO,pro,8d5c31,141,92,49,2,43.5655,15.6354,32.4931,-11.2012,Brown,Warm,—,—
bareMinerals,bm,barePRO,pro,775436,119,84,54,2,38.7765,10.7921,23.209,-25.8077,Brown,Warm,—,—
bareMinerals,bm,barePRO,pro,6e4b2f,110,75,47,2,35.1089,11.4158,22.521,-33.4731,Dark,Warm,—,—
Estée Lauder,el,Double Wear,dw,ffd6ba,255,214,186,2,88.4002,10.2824,19.1733,63.4669,Very Light,Warm,—,—
Estée Lauder,el,Double Wear,dw,d0a26e,208,162,110,2,69.738,10.5127,33.4831,30.519,Intermediate,Warm,—,—
Estée Lauder,el,Double Wear,dw,c48f56,196,143,86,2,63.3878,13.6759,37.9262,19.4428,Tan,Warm,—,—
Estée Lauder,el,Double Wear,dw,bb8046,187,128,70,2,58.459,16.8914,40.1266,11.9041,Tan,Warm,—,—
Estée Lauder,el,Double Wear,dw,ffc8a3,255,200,163,2,84.5947,14.698,25.9937,53.0796,Light,Warm,—,—
Estée Lauder,el,Double Wear,dw,d8bba3,216,187,163,2,77.748,6.6779,15.9759,60.0688,Very Light,Neutral,—,—
Estée Lauder,el,Double Wear,dw,fac7a7,250,199,167,2,83.9466,13.7908,22.9245,55.9684,Very Light,Warm,—,—
Estée Lauder,el,Double Wear,dw,ffcba6,255,203,166,2,85.3662,13.4864,25.4699,54.2395,Light,Warm,—,—
Estée Lauder,el,Double Wear,dw,e5b593,229,181,147,2,77.1697,12.7861,23.9559,48.5969,Light,Warm,—,—
Estée Lauder,el,Double Wear,dw,dea365,222,163,101,2,71.3276,14.9266,40.5023,27.7703,Tan,Warm,—,—
Estée Lauder,el,Double Wear,dw,d8a46d,216,164,109,2,71.0471,12.624,35.8502,30.4165,Intermediate,Warm,—,—
Estée Lauder,el,Double Wear,dw,f2bb96,242,187,150,2,79.9667,15.0139,26.3652,48.6581,Light,Warm,—,—
Estée Lauder,el,Double Wear,dw,d4a066,212,160,102,2,69.5407,12.493,37.5329,27.5028,Tan,Warm,—,—
Estée Lauder,el,Double Wear,dw,f2bf91,242,191,145,2,80.8418,12.3514,30.1764,45.6248,Light,Warm,—,—
Estée Lauder,el,Double Wear,dw,edbe98,237,190,152,2,80.2361,11.7249,25.587,49.7608,Light,Warm,—,—
Estée Lauder,el,Double Wear,dw,e7b79c,231,183,156,2,78.0272,13.5996,20.3394,54.0315,Light,Warm,—,—
Estée Lauder,el,Double Wear,dw,ebad81,235,173,129,2,75.5364,17.4227,31.4739,39.0542,Intermediate,Warm,—,—
Estée Lauder,el,Double Wear,dw,ddb491,221,180,145,2,76.1065,9.9541,23.4518,48.0662,Light,Warm,—,—
Estée Lauder,el,Double Wear,dw,e5ad8a,229,173,138,2,75.0655,16.0064,25.9324,44.0261,Light,Warm,—,—
Estée Lauder,el,Double Wear,dw,d59a71,213,154,113,2,68.3522,17.1817,30.1887,31.2961,Intermediate,Warm,—,—
Estée Lauder,el,Double Wear,dw,cf905d,207,144,93,2,64.9661,18.3194,36.4542,22.3204,Tan,Warm,—,—
Estée Lauder,el,Double Wear,dw,d69060,214,144,96,2,65.8184,21.4559,36.0975,23.6637,Tan,Warm,—,—
Estée Lauder,el,Double Wear,dw,be8058,190,128,88,2,59.0593,19.589,31.3272,16.129,Tan,Warm,—,—
Estée Lauder,el,Double Wear,dw,d7986d,215,152,109,2,68.0279,18.6888,31.9666,29.4213,Intermediate,Warm,—,—
Estée Lauder,el,Double Wear,dw,ad7247,173,114,71,2,53.3579,18.77,33.104,5.792,Brown,Warm,—,—
Estée Lauder,el,Double Wear,dw,c27440,194,116,64,2,56.4192,26.0715,41.1023,8.8765,Brown,Warm,—,—
Estée Lauder,el,Double Wear,dw,c0976b,192,151,107,2,65.2809,9.5925,29.0049,27.782,Tan,Warm,—,—
Estée Lauder,el,Double Wear,dw,99562c,153,86,44,2,43.6699,24.071,35.7409,-10.0436,Brown,Warm,—,—
Estée Lauder,el,Double Wear,dw,da926b,218,146,107,2,66.9208,22.9568,31.6861,28.1028,Intermediate,Warm,—,—
Estée Lauder,el,Double Wear,dw,a35829,163,88,41,2,45.535,27.09,39.7269,-6.4127,Brown,Warm,—,—
Estée Lauder,el,Double Wear,dw,b56e38,181,110,56,2,53.2362,23.4005,41.1653,4.495,Brown,Warm,—,—
Estée Lauder,el,Double Wear,dw,a85f2a,168,95,42,2,47.8518,25.4037,41.8674,-2.9372,Brown,Warm,—,—
Estée Lauder,el,Double Wear,dw,8f4d2b,143,77,43,2,40.1193,24.7675,31.909,-17.2053,Brown,Warm,—,—
Estée Lauder,el,Double Wear,dw,864f26,134,79,38,2,39.2436,19.3487,33.3033,-17.8996,Brown,Warm,—,—
Estée Lauder,el,Double Wear,dw,8f5c35,143,92,53,2,43.8752,16.8264,30.7156,-11.2771,Brown,Warm,—,—
Estée Lauder,el,Double Wear,dw,895c26,137,92,38,2,42.9338,13.1023,37.4099,-10.6963,Brown,Warm,—,—
Estée Lauder,el,Double Wear,dw,aa6533,170,101,51,2,49.61,23.3975,39.3026,-0.5685,Brown,Warm,—,—
Estée Lauder,el,Double Wear,dw,925b2d,146,91,45,2,43.9212,18.1934,35.2215,-9.7921,Brown,Warm,—,—
Estée Lauder,el,Double Wear,dw,77421e,119,66,30,2,33.8008,19.7247,31.0622,-27.5424,Brown,Warm,—,—
Estée Lauder,el,Double Wear,dw,724727,114,71,39,2,34.4594,15.0236,26.5613,-30.3312,Dark,Warm,—,—
Estée Lauder,el,Double Wear,dw,7e512d,126,81,45,2,38.7439,15.0106,28.582,-21.4954,Brown,Warm,—,—
Estée Lauder,el,Double Wear,dw,5e3617,94,54,23,2,26.9624,14.8945,26.4455,-41.0603,Dark,Warm,—,—
Revlon,rv,ColorStay,cs,f9caac,249,202,172,2,84.6697,12.4652,21.268,58.4731,Very Light,Warm,150,Buff
Revlon,rv,ColorStay,cs,f8c7a1,248,199,161,2,83.6413,12.3061,25.6363,52.6908,Light,Warm,150,Buff
Revlon,rv,ColorStay,cs,f1bc96,241,188,150,2,80.1073,14.0988,26.5381,48.6054,Light,Warm,180,Sand Beige
Revlon,rv,ColorStay,cs,f1b496,241,180,150,2,78.1974,18.3236,23.9492,49.6574,Light,Warm,180,Sand Beige
Revlon,rv,ColorStay,cs,e8b29c,232,178,156,2,76.9201,16.6423,18.8247,55.0357,Very Light,Warm,180,Sand Beige
Revlon,rv,ColorStay,cs,e2ae8e,226,174,142,2,75.074,14.7535,23.7418,46.5632,Light,Warm,200,Nude
Revlon,rv,ColorStay,cs,dfa48c,223,164,140,2,72.3183,18.7042,21.0172,46.7197,Light,Warm,200,Nude
Revlon,rv,ColorStay,cs,e4a87f,228,168,127,2,73.5676,17.0985,29.8109,38.3288,Intermediate,Warm,200,Nude
Revlon,rv,ColorStay,cs,e1a681,225,166,129,2,72.8044,17.1844,27.6695,39.4944,Intermediate,Warm,200,Nude
Revlon,rv,ColorStay,cs,d5a187,213,161,135,2,70.4462,15.8064,21.0171,44.2112,Light,Warm,220,Natural Beige
Revlon,rv,ColorStay,cs,dba787,219,167,135,2,72.5274,14.9373,23.9498,43.2471,Light,Warm,200,Nude
Revlon,rv,ColorStay,cs,d79f86,215,159,134,2,70.1525,17.5571,21.1976,43.5522,Light,Warm,220,Natural Beige
Revlon,rv,ColorStay,cs,d5a187,213,161,135,2,70.4462,15.8064,21.0171,44.2112,Light,Warm,220,Natural Beige
Revlon,rv,ColorStay,cs,de9a77,222,154,119,2,69.4518,21.3998,28.5708,34.2481,Intermediate,Warm,220,Natural Beige
Revlon,rv,ColorStay,cs,cb8f6e,203,143,110,2,64.539,18.8038,26.6133,28.648,Intermediate,Warm,240,Medium Beige
Revlon,rv,ColorStay,cs,c98667,201,134,103,2,62.0398,22.2124,27.1494,23.9156,Tan,Warm,240,Medium Beige
Revlon,rv,ColorStay,cs,c68f71,198,143,113,2,64.035,17.093,24.1873,30.125,Intermediate,Warm,240,Medium Beige
Revlon,rv,ColorStay,cs,ba8568,186,133,104,2,60.0827,16.7342,23.6898,23.0553,Tan,Warm,240,Medium Beige
Revlon,rv,ColorStay,cs,a7745e,167,116,94,2,53.5093,17.3057,20.1953,9.8577,Brown,Warm,250,Fresh Beige
Revlon,rv,ColorStay,cs,8e6558,142,101,88,2,46.6627,14.7316,13.9156,-13.4862,Brown,Cool,320,True Beige
Revlon,rv,ColorStay,cs,eec498,238,196,152,2,81.798,8.9588,27.7127,48.9271,Light,Warm,180,Sand Beige
Revlon,rv,ColorStay,cs,eec29e,238,194,158,2,81.4186,10.726,24.0342,52.5852,Light,Warm,180,Sand Beige
L'Oréal,lo,Infalliable,ipm,f3c6a2,243,198,162,2,82.9419,11.034,24.0783,53.8357,Light,Warm,—,—
L'Oréal,lo,Infalliable,ipm,e5ad8b,229,173,139,2,75.0837,16.1187,25.42,44.6185,Light,Warm,—,—
L'Oréal,lo,Infalliable,ipm,e7ad82,231,173,130,2,75.133,15.9353,30.3342,39.643,Intermediate,Warm,—,—
L'Oréal,lo,Infalliable,ipm,eeb67e,238,182,126,2,77.9587,13.5575,36.2568,37.6369,Intermediate,Warm,—,—
L'Oréal,lo,Infalliable,ipm,e8b481,232,180,129,2,76.912,12.5119,33.2149,39.0157,Intermediate,Warm,—,—
L'Oréal,lo,Infalliable,ipm,daa271,218,162,113,2,70.8299,14.8956,33.5024,31.871,Intermediate,Warm,—,—
L'Oréal,lo,Infalliable,ipm,d49e6c,212,158,108,2,69.1374,14.1242,33.8603,29.4746,Intermediate,Warm,—,—
L'Oréal,lo,Infalliable,ipm,c0844e,192,132,78,2,60.1237,17.4002,38.0706,14.8914,Tan,Warm,—,—
L'Oréal,lo,Infalliable,ipm,c27f48,194,127,72,2,59.0834,20.5674,40.0329,12.7839,Tan,Warm,—,—
L'Oréal,lo,Infalliable,ipm,da9e6b,218,158,107,2,69.7697,16.4896,35.3284,29.2313,Intermediate,Warm,—,—
L'Oréal,lo,Infalliable,ipm,b87740,184,119,64,2,55.8427,20.1898,40.1054,8.2887,Brown,Warm,—,—
L'Oréal,lo,Infalliable,ipm,925422,146,84,34,2,42.1055,21.6164,38.8972,-11.4728,Brown,Warm,—,—
L'Oréal,lo,Infalliable,ipm,fadcc8,250,220,200,2,89.7115,7.2899,13.6223,71.0664,Very Light,Neutral,—,—
L'Oréal,lo,Infalliable,ipm,fcd6c7,252,214,199,2,88.4066,10.9785,12.3211,72.2134,Very Light,Neutral,—,—
L'Oréal,lo,Infalliable,ipm,f7cab1,247,202,177,2,84.5824,12.3573,18.4776,61.8841,Very Light,Warm,—,—
L'Oréal,lo,Infalliable,ipm,deb09e,222,176,158,2,75.4828,14.1457,15.5912,58.5404,Very Light,Cool,—,—
L'Oréal,lo,Infalliable,ipm,d1a396,209,163,150,2,70.8387,15.0937,13.2612,57.5284,Very Light,Cool,—,—
L'Oréal,lo,Infalliable,ipm,cf9c7d,207,156,125,2,68.4056,14.9612,23.6158,37.932,Intermediate,Warm,—,—
L'Oréal,lo,Infalliable,ipm,d99959,217,153,89,2,68.2102,17.2887,42.7455,23.0747,Tan,Warm,—,—
L'Oréal,lo,Infalliable,ipm,754728,117,71,40,2,34.8875,16.4839,26.5901,-29.6118,Brown,Warm,—,—
L'Oréal,lo,Infalliable,ipm,4d2c0a,77,44,10,2,21.5845,12.1492,26.7422,-46.7376,Dark,Warm,—,—
L'Oréal,lo,Infalliable,ipm,4d2006,77,32,6,2,18.4717,19.4876,24.8573,-51.7473,Dark,Warm,—,—
Covergirl + Olay,oc,Simply Ageless,sa,e1ad81,225,173,129,2,74.4969,13.44,29.913,39.3154,Intermediate,Warm,—,—
Covergirl + Olay,oc,Simply Ageless,sa,deb192,222,177,146,2,75.4831,12.0683,22.08,49.0925,Light,Warm,—,—
Covergirl + Olay,oc,Simply Ageless,sa,e3b490,227,180,144,2,76.6724,12.1811,24.8527,47.0227,Light,Warm,—,—
Covergirl + Olay,oc,Simply Ageless,sa,e9b898,233,184,152,2,78.388,13.3471,23.0079,50.9759,Light,Warm,—,—
Covergirl + Olay,oc,Simply Ageless,sa,e8bb9c,232,187,156,2,79.0981,11.8632,21.8283,53.1241,Light,Warm,—,—
Covergirl + Olay,oc,Simply Ageless,sa,e1b7a0,225,183,160,2,77.5279,11.8189,17.408,57.6917,Very Light,Neutral,—,—
Covergirl + Olay,oc,Simply Ageless,sa,eac4ae,234,196,174,2,81.8545,10.2327,16.0787,63.2174,Very Light,Neutral,—,—
Covergirl + Olay,oc,Simply Ageless,sa,eac7ab,234,199,171,2,82.5297,8.2463,18.617,60.2172,Very Light,Warm,—,—
Covergirl + Olay,oc,Simply Ageless,sa,eabe9e,234,190,158,2,80.0613,11.2959,22.115,53.6594,Light,Warm,—,—
Covergirl + Olay,oc,Simply Ageless,sa,e5b39a,229,179,154,2,76.8201,14.7071,19.7182,53.6766,Light,Warm,—,—
Covergirl + Olay,oc,Simply Ageless,sa,e7b590,231,181,144,2,77.3122,13.215,25.7848,46.6477,Light,Warm,—,—
Covergirl + Olay,oc,Simply Ageless,sa,f7dcca,247,220,202,2,89.4988,6.4998,12.2377,72.7857,Very Light,Neutral,—,—
Fenty,fe,PRO FILT'R,pf,fde9de,253,233,222,0,93.6393,5.004,7.7858,79.8841,Very Light,Cool,—,—
Fenty,fe,PRO FILT'R,pf,fde7da,253,231,218,0,93.0571,5.4037,9.03,78.1555,Very Light,Cool,—,—
Fenty,fe,PRO FILT'R,pf,fde3cc,253,227,204,0,91.7664,5.3512,14.4778,70.8818,Very Light,Neutral,—,—
Fenty,fe,PRO FILT'R,pf,f2d3b1,242,211,177,0,86.3263,5.7946,20.8311,60.1681,Very Light,Warm,—,—
Fenty,fe,PRO FILT'R,pf,fce1c6,252,225,198,0,91.0642,5.1533,16.5988,67.9907,Very Light,Neutral,—,—
Fenty,fe,PRO FILT'R,pf,efd1b7,239,209,183,0,85.6915,6.5377,16.7521,64.8566,Very Light,Neutral,—,—
Fenty,fe,PRO FILT'R,pf,f4cca8,244,204,168,0,84.6113,9.0234,23.2202,56.1429,Very Light,Warm,—,—
Fenty,fe,PRO FILT'R,pf,e8bfa3,232,191,163,0,80.2153,10.6405,19.6329,56.9855,Very Light,Warm,—,—
Fenty,fe,PRO FILT'R,pf,fad5b8,250,213,184,0,87.6669,8.6777,19.1315,63.0734,Very Light,Warm,—,—
Fenty,fe,PRO FILT'R,pf,e9c39f,233,195,159,0,81.2139,8.4026,23.1489,53.4386,Light,Warm,—,—
Fenty,fe,PRO FILT'R,pf,e8bc99,232,188,153,0,79.2849,10.9641,23.683,51.0372,Light,Warm,—,—
Fenty,fe,PRO FILT'R,pf,e2ad85,226,173,133,0,74.6679,14.2687,28.0245,41.3551,Light,Warm,—,—
Fenty,fe,PRO FILT'R,pf,eeba93,238,186,147,0,79.2733,13.6451,26.9524,47.3637,Light,Warm,—,—
Fenty,fe,PRO FILT'R,pf,dfad89,223,173,137,0,74.4343,13.5292,25.5143,43.7613,Light,Warm,—,—
Fenty,fe,PRO FILT'R,pf,d9a57d,217,165,125,0,71.653,14.0995,28.141,37.5764,Intermediate,Warm,—,—
Fenty,fe,PRO FILT'R,pf,e4ac7c,228,172,124,0,74.4809,14.659,32.6033,36.9019,Intermediate,Warm,—,—
Fenty,fe,PRO FILT'R,pf,dca77d,220,167,125,0,72.4524,14.2276,29.2552,37.505,Intermediate,Warm,—,—
Fenty,fe,PRO FILT'R,pf,d59d6d,213,157,109,0,69.0158,15.1695,33.1937,29.8073,Intermediate,Warm,—,—
Fenty,fe,PRO FILT'R,pf,e7ae85,231,174,133,0,75.4245,15.7177,29.1227,41.1214,Light,Warm,—,—
Fenty,fe,PRO FILT'R,pf,dcb17d,220,177,125,0,74.9147,8.8784,32.4861,37.4858,Intermediate,Warm,—,—
Fenty,fe,PRO FILT'R,pf,ca9262,202,146,98,0,64.9611,15.5887,33.6615,23.9631,Tan,Warm,—,—
Fenty,fe,PRO FILT'R,pf,d28f58,210,143,88,0,65.005,19.7085,39.2136,20.9392,Tan,Warm,—,—
Fenty,fe,PRO FILT'R,pf,d39063,211,144,99,0,65.5133,20.4804,34.0364,24.5028,Tan,Warm,—,—
Fenty,fe,PRO FILT'R,pf,d39156,211,145,86,0,65.5722,18.8892,40.9646,20.8137,Tan,Warm,—,—
Fenty,fe,PRO FILT'R,pf,ac7752,172,119,82,0,54.6318,16.4806,28.5861,9.2036,Brown,Warm,—,—
Fenty,fe,PRO FILT'R,pf,b67849,182,120,73,0,55.9482,19.4164,35.4194,9.5331,Brown,Warm,—,—
Fenty,fe,PRO FILT'R,pf,bd7b45,189,123,69,0,57.4788,20.4441,39.5637,10.7044,Tan,Warm,—,—
Fenty,fe,PRO FILT'R,pf,c98256,201,130,86,0,60.8318,22.8938,34.9178,17.2343,Tan,Warm,—,—
Fenty,fe,PRO FILT'R,pf,ca875a,202,135,90,0,62.1896,20.9038,34.4759,19.472,Tan,Warm,—,—
Fenty,fe,PRO FILT'R,pf,a86b3f,168,107,63,0,50.9211,19.9488,34.3786,1.5347,Brown,Warm,—,—
Fenty,fe,PRO FILT'R,pf,a65e23,166,94,35,0,47.2818,24.7901,44.5087,-3.4948,Brown,Warm,—,—
Fenty,fe,PRO FILT'R,pf,9d5d2d,157,93,45,0,45.8902,21.9142,37.8129,-6.203,Brown,Warm,—,—
Fenty,fe,PRO FILT'R,pf,ab6939,171,105,57,0,50.7551,21.9558,37.4957,1.1537,Brown,Warm,—,—
Fenty,fe,PRO FILT'R,pf,894f29,137,79,41,0,39.7006,20.8723,32.3046,-17.6834,Brown,Warm,—,—
Fenty,fe,PRO FILT'R,pf,9b5b35,155,91,53,0,45.2332,22.672,32.7141,-8.2903,Brown,Warm,—,—
Fenty,fe,PRO FILT'R,pf,824f30,130,79,48,0,38.8156,18.2369,27.0802,-22.4411,Brown,Warm,—,—
Fenty,fe,PRO FILT'R,pf,7d452c,125,69,44,0,35.5942,21.5716,25.3661,-29.5929,Brown,Warm,—,—
Fenty,fe,PRO FILT'R,pf,6d3b20,109,59,32,0,30.6023,19.4454,25.9602,-36.7674,Dark,Warm,—,—
Fenty,fe,PRO FILT'R,pf,683a20,104,58,32,0,29.5985,17.7506,24.6046,-39.6646,Dark,Warm,—,—
Fenty,fe,PRO FILT'R,pf,583218,88,50,24,0,25.021,14.5681,23.4622,-46.7935,Dark,Warm,—,—
Iman,im,Second to None,sn,e1bea4,225,190,164,3,79.3377,8.6393,17.7806,58.7813,Very Light,Neutral,—,—
Iman,im,Second to None,sn,e5ae86,229,174,134,3,75.2353,15.0329,28.3009,41.7227,Light,Warm,—,—
Iman,im,Second to None,sn,c38e63,195,142,99,3,63.2193,14.9675,30.7425,23.2677,Tan,Warm,—,—
Iman,im,Second to None,sn,ac703d,172,112,61,3,52.6168,18.7246,37.5634,3.985,Brown,Warm,—,—
Iman,im,Second to None,sn,9e6209,158,98,9,3,47.008,18.2743,52.7422,-3.2468,Brown,Warm,—,—
Iman,im,Second to None,sn,855723,133,87,35,3,41.0969,14.0245,36.8073,-13.5978,Brown,Warm,—,—
Iman,im,Second to None,sn,793f0d,121,63,13,3,33.2428,21.6907,38.6727,-23.4275,Brown,Warm,—,—
Iman,im,Second to None,sn,64300a,100,48,10,3,26.2907,20.7832,32.6394,-35.9947,Dark,Warm,—,—
Beauty Bakerie,bb,#1 CAKE MIX,cm,532e1e,83,46,30,3,23.2946,15.1686,17.5003,-56.7628,Dark,Cool,—,—
Beauty Bakerie,bb,#1 CAKE MIX,cm,4e2a1a,78,42,26,3,21.3963,14.9645,17.5655,-58.446,Dark,Cool,—,—
Beauty Bakerie,bb,#1 CAKE MIX,cm,623f2c,98,63,44,3,30.2399,12.9266,17.8598,-47.8917,Dark,Cool,—,—
Beauty Bakerie,bb,#1 CAKE MIX,cm,8e532b,142,83,43,3,41.3949,20.9049,33.3124,-14.4838,Brown,Warm,—,—
Beauty Bakerie,bb,#1 CAKE MIX,cm,985223,152,82,35,3,42.5101,25.4232,39.0941,-10.8457,Brown,Warm,—,—
Beauty Bakerie,bb,#1 CAKE MIX,cm,a86738,168,103,56,3,49.8729,21.7196,36.9111,-0.1973,Brown,Warm,—,—
Beauty Bakerie,bb,#1 CAKE MIX,cm,a16f4c,161,111,76,3,51.2314,15.7423,27.358,2.5772,Brown,Warm,—,—
Beauty Bakerie,bb,#1 CAKE MIX,cm,a4683b,164,104,59,3,49.6297,19.6246,34.8913,-0.6081,Brown,Warm,—,—
Beauty Bakerie,bb,#1 CAKE MIX,cm,a4683b,164,104,59,3,49.6297,19.6246,34.8913,-0.6081,Brown,Warm,—,—
Beauty Bakerie,bb,#1 CAKE MIX,cm,ba7246,186,114,70,3,54.9877,24.2097,36.0001,7.8879,Brown,Warm,—,—
Beauty Bakerie,bb,#1 CAKE MIX,cm,a86d46,168,109,70,3,51.5029,19.361,31.2408,2.7542,Brown,Warm,—,—
Beauty Bakerie,bb,#1 CAKE MIX,cm,b47c57,180,124,87,3,56.8882,17.5291,28.8743,13.4176,Tan,Warm,—,—
Beauty Bakerie,bb,#1 CAKE MIX,cm,cc9561,204,149,97,3,65.902,14.6931,35.4267,24.1739,Tan,Warm,—,—
Beauty Bakerie,bb,#1 CAKE MIX,cm,d6a878,214,168,120,3,72.0002,10.7456,31.2167,35.1746,Intermediate,Warm,—,—
Beauty Bakerie,bb,#1 CAKE MIX,cm,d0a37f,208,163,127,3,70.2727,11.7943,25.0552,38.9771,Intermediate,Warm,—,—
Beauty Bakerie,bb,#1 CAKE MIX,cm,f1c78e,241,199,142,3,82.6483,7.4457,34.1085,43.7469,Light,Warm,—,—
Beauty Bakerie,bb,#1 CAKE MIX,cm,f2cea2,242,206,162,3,84.8075,6.4756,26.6026,52.6101,Light,Warm,—,—
Beauty Bakerie,bb,#1 CAKE MIX,cm,f5dab6,245,218,182,3,88.4163,3.9651,21.1515,61.1634,Very Light,Warm,—,—
Beauty Bakerie,bb,#1 CAKE MIX,cm,e9c096,233,192,150,3,80.307,8.8812,26.6759,48.6461,Light,Warm,—,—
Beauty Bakerie,bb,#1 CAKE MIX,cm,edcbab,237,203,171,3,83.7876,7.2825,20.4042,58.8724,Very Light,Warm,—,—
Beauty Bakerie,bb,#1 CAKE MIX,cm,f2dac1,242,218,193,3,88.3864,4.3991,15.3204,68.2426,Very Light,Neutral,—,—
Beauty Bakerie,bb,#1 CAKE MIX,cm,f2dbbb,242,219,187,3,88.5094,3.027,18.6324,64.1804,Very Light,Warm,—,—
Beauty Bakerie,bb,#1 CAKE MIX,cm,f3dabc,243,218,188,3,88.3664,4.0513,17.9225,64.9608,Very Light,Neutral,—,—
Beauty Bakerie,bb,#1 CAKE MIX,cm,f3dbbc,243,219,188,3,88.6143,3.5355,18.2691,64.6804,Very Light,Warm,—,—
Beauty Bakerie,bb,#1 CAKE MIX,cm,f6e2c7,246,226,199,3,90.8302,2.6075,15.6766,68.9959,Very Light,Neutral,—,—
Beauty Bakerie,bb,#1 CAKE MIX,cm,f4dfc9,244,223,201,3,89.9645,3.7225,13.3866,71.4811,Very Light,Neutral,—,—
Beauty Bakerie,bb,#1 CAKE MIX,cm,f9ecc5,249,236,197,3,93.5212,-1.6886,20.5169,64.7597,Very Light,Warm,—,—
Beauty Bakerie,bb,#1 CAKE MIX,cm,f9ebcd,249,235,205,3,93.4353,-0.0262,16.267,69.4685,Very Light,Neutral,—,—
Beauty Bakerie,bb,#1 CAKE MIX,cm,f3e2ce,243,226,206,3,90.7363,2.5774,11.8595,73.7682,Very Light,Neutral,—,—
Beauty Bakerie,bb,#1 CAKE MIX,cm,f5e8d7,245,232,215,3,92.5893,1.6091,9.8348,76.9971,Very Light,Cool,—,—
Black Up,bu,Matifying Fluid,mf,eed1b5,238,209,181,3,85.5623,5.8872,17.6125,63.6527,Very Light,Neutral,—,—
Black Up,bu,Matifying Fluid,mf,daaa80,218,170,128,3,73.0334,12.1396,28.3803,39.0627,Intermediate,Warm,—,—
Black Up,bu,Matifying Fluid,mf,d7a778,215,167,120,3,71.8543,11.6881,31.0453,35.1436,Intermediate,Warm,—,—
Black Up,bu,Matifying Fluid,mf,dfa46f,223,164,111,3,71.8182,15.6701,35.9309,31.2672,Intermediate,Warm,—,—
Black Up,bu,Matifying Fluid,mf,d28f66,210,143,102,3,65.2064,20.8803,32.0045,25.4139,Tan,Warm,—,—
Black Up,bu,Matifying Fluid,mf,ad6d41,173,109,65,3,52.068,21.1196,34.8143,3.3994,Brown,Warm,—,—
Black Up,bu,Matifying Fluid,mf,c98c60,201,140,96,3,63.3596,18.2746,32.6853,22.2315,Tan,Warm,—,—
Black Up,bu,Matifying Fluid,mf,bf7a43,191,122,67,3,57.4657,21.7117,40.6496,10.407,Tan,Warm,—,—
Black Up,bu,Matifying Fluid,mf,ac734c,172,115,76,3,53.5521,18.1941,30.5628,6.6293,Brown,Warm,—,—
Black Up,bu,Matifying Fluid,mf,b97245,185,114,69,3,54.8455,23.7192,36.3373,7.5955,Brown,Warm,—,—
Black Up,bu,Matifying Fluid,mf,a0522c,160,82,44,3,43.7874,29.2665,36.1599,-9.7488,Brown,Warm,—,—
Black Up,bu,Matifying Fluid,mf,9e5a35,158,90,53,3,45.4141,24.526,33.0306,-7.9043,Brown,Warm,—,—
Black Up,bu,Matifying Fluid,mf,97472e,151,71,46,3,40.0555,31.6074,30.462,-18.0796,Brown,Warm,—,—
Black Up,bu,Matifying Fluid,mf,7e3e2a,126,62,42,3,34.0847,25.8827,24.7738,-32.7177,Dark,Warm,—,—
Black Up,bu,Matifying Fluid,mf,7b3625,123,54,37,3,31.77,28.7272,24.9102,-36.1977,Dark,Warm,—,—
Black Up,bu,Matifying Fluid,mf,653129,101,49,41,3,27.0851,22.5209,15.7822,-55.4436,Dark,Cool,—,—
Black Up,bu,Matifying Fluid,mf,3b2218,59,34,24,3,16.2053,10.6816,11.7301,-70.8582,Dark,Neutral,—,—
Black Up,bu,Matifying Fluid,mf,352315,53,35,21,3,15.5564,6.575,12.7783,-69.6455,Dark,Neutral,—,—
Black Opal,bo,True Color,tc,b77d57,183,125,87,3,57.4865,18.2326,29.7101,14.1432,Tan,Warm,—,—
Black Opal,bo,True Color,tc,bc835b,188,131,91,3,59.5994,17.3641,30.3186,17.5687,Tan,Warm,—,—
Black Opal,bo,True Color,tc,b67753,182,119,83,3,55.8517,20.7941,29.8269,11.0998,Tan,Warm,—,—
Black Opal,bo,True Color,tc,b77d53,183,125,83,3,57.4252,17.8748,31.8345,13.1292,Tan,Warm,—,—
Black Opal,bo,True Color,tc,7b4e34,123,78,52,3,37.6775,16.0224,23.1197,-28.057,Brown,Warm,—,—
Black Opal,bo,True Color,tc,7a523a,122,82,58,3,38.6876,13.7598,20.7925,-28.5489,Brown,Warm,—,—
Black Opal,bo,True Color,tc,71412d,113,65,45,3,32.8787,18.6736,21.0268,-39.1546,Dark,Warm,—,—
Black Opal,bo,True Color,tc,81523e,129,82,62,3,39.6651,17.2841,19.8307,-27.5266,Brown,Warm,—,—
Black Opal,bo,True Color,tc,6a4338,106,67,56,3,32.6227,15.4517,13.6432,-51.864,Dark,Cool,—,—
Black Opal,bo,True Color,tc,543022,84,48,34,3,24.0466,14.7566,15.8914,-58.5207,Dark,Cool,—,—
Black Opal,bo,True Color,tc,5d3e2e,93,62,46,3,29.3367,11.4365,15.2951,-53.4909,Dark,Neutral,—,—
Black Opal,bo,True Color,tc,4c2e22,76,46,34,3,22.3245,12.2244,13.4327,-64.1097,Dark,Cool,—,—
Laws of Nature,ln,Foxy Finish,ff,a66c4b,166,108,75,3,51.0844,19.4981,27.8629,2.2288,Brown,Warm,—,—
Laws of Nature,ln,Foxy Finish,ff,bb8f7f,187,143,127,3,63.1302,14.3671,14.9409,41.3093,Light,Cool,—,—
Laws of Nature,ln,Foxy Finish,ff,dfb9af,223,185,175,3,78.159,12.1012,10.1771,70.1294,Very Light,Cool,—,—
Laws of Nature,ln,Foxy Finish,ff,b7743c,183,116,60,3,54.9549,21.1719,41.1174,6.8714,Brown,Warm,—,—
Laws of Nature,ln,Foxy Finish,ff,924829,146,72,41,3,39.4236,28.7127,32.3588,-18.0999,Brown,Warm,—,—
Laws of Nature,ln,Foxy Finish,ff,a37452,163,116,82,3,52.8264,14.3371,26.0597,6.19,Brown,Warm,—,—
Laws of Nature,ln,Foxy Finish,ff,6c4529,108,69,41,3,33.1464,13.6088,23.6206,-35.5083,Dark,Warm,—,—
Laws of Nature,ln,Foxy Finish,ff,321407,50,20,7,3,10.5124,13.9717,13.1617,-71.5661,Dark,Cool,—,—
Laws of Nature,ln,Foxy Finish,ff,cc9d72,204,157,114,3,68.1442,11.992,29.195,31.8603,Intermediate,Warm,—,—
Laws of Nature,ln,Foxy Finish,ff,a66c49,166,108,73,3,51.0532,19.3221,28.9515,2.0834,Brown,Warm,—,—
Laws of Nature,ln,Foxy Finish,ff,be784d,190,120,77,3,56.9953,23.0972,34.7614,11.3781,Tan,Warm,—,—
Laws of Nature,ln,Foxy Finish,ff,592d24,89,45,36,3,24.0915,19.1312,14.7933,-60.2744,Dark,Cool,—,—
Laws of Nature,ln,Foxy Finish,ff,b68e6f,182,142,111,3,62.0321,10.8865,22.3135,28.3349,Intermediate,Warm,—,—
Laws of Nature,ln,Foxy Finish,ff,b19277,177,146,119,3,62.7078,7.6325,18.6838,34.2216,Intermediate,Warm,—,—
Laws of Nature,ln,Foxy Finish,ff,a3724a,163,114,74,3,52.1935,14.7132,29.7427,4.2179,Brown,Warm,—,—
Laws of Nature,ln,Foxy Finish,ff,742b13,116,43,19,3,28.0839,30.7752,30.9551,-35.2984,Dark,Warm,—,—
Laws of Nature,ln,Foxy Finish,ff,deb399,222,179,153,3,76.1131,11.8832,19.1734,53.7122,Light,Warm,—,—
Lancôme,lc,Teint Idole,ti,fdece4,253,236,228,4,94.5154,4.4256,5.9321,82.4095,Very Light,Cool,—,—
Lancôme,lc,Teint Idole,ti,f4d1ab,244,209,171,4,85.8944,6.8019,23.4075,56.8908,Very Light,Warm,—,—
Lancôme,lc,Teint Idole,ti,eec1a0,238,193,160,4,81.213,11.4981,22.6932,53.9812,Light,Warm,—,—
Lancôme,lc,Teint Idole,ti,eac398,234,195,152,4,81.1769,7.9305,26.8113,49.3054,Light,Warm,—,—
Lancôme,lc,Teint Idole,ti,e9be9e,233,190,158,4,79.966,10.9117,21.9689,53.7538,Light,Warm,—,—
Lancôme,lc,Teint Idole,ti,deba96,222,186,150,4,77.7869,7.7749,23.0832,50.2828,Light,Warm,—,—
Lancôme,lc,Teint Idole,ti,dcb190,220,177,144,4,75.2489,11.0415,22.8048,47.9117,Light,Warm,—,—
Lancôme,lc,Teint Idole,ti,ddb391,221,179,145,4,75.8591,10.4873,23.115,48.207,Light,Warm,—,—
Lancôme,lc,Teint Idole,ti,e4ba8c,228,186,140,4,78.1735,8.9288,29.0123,44.1596,Light,Warm,—,—
Lancôme,lc,Teint Idole,ti,e2b78f,226,183,143,4,77.2933,10.0772,26.2084,46.1617,Light,Warm,—,—
Lancôme,lc,Teint Idole,ti,e5b189,229,177,137,4,76.0144,13.7636,27.7398,43.1616,Light,Warm,—,—
Lancôme,lc,Teint Idole,ti,f3c796,243,199,150,4,82.9696,9.1047,30.412,47.3108,Light,Warm,—,—
Lancôme,lc,Teint Idole,ti,f3bf90,243,191,144,4,80.9232,12.6346,30.8267,45.0895,Light,Warm,—,—
Lancôme,lc,Teint Idole,ti,e1af8c,225,175,140,4,75.1786,13.5939,24.9418,45.2707,Light,Warm,—,—
Lancôme,lc,Teint Idole,ti,ddb184,221,177,132,4,75.1293,10.0352,29.081,40.8308,Intermediate,Warm,—,—
Lancôme,lc,Teint Idole,ti,dca77d,220,167,125,4,72.4524,14.2276,29.2552,37.505,Intermediate,Warm,—,—
Lancôme,lc,Teint Idole,ti,d6a77d,214,167,125,4,71.8365,11.8185,28.3283,37.6264,Intermediate,Warm,—,—
Lancôme,lc,Teint Idole,ti,d7a17f,215,161,127,4,70.5047,15.6748,25.4923,38.8114,Intermediate,Warm,—,—
Lancôme,lc,Teint Idole,ti,d7a17d,215,161,125,4,70.4688,15.4544,26.529,37.6525,Intermediate,Warm,—,—
Lancôme,lc,Teint Idole,ti,dda876,221,168,118,4,72.6857,13.3788,33.3073,34.2589,Intermediate,Warm,—,—
Lancôme,lc,Teint Idole,ti,e39f72,227,159,114,4,71.1079,20.2433,33.5234,32.1964,Intermediate,Warm,—,—
Lancôme,lc,Teint Idole,ti,cf9162,207,145,98,4,65.279,18.2042,34.1806,24.085,Tan,Warm,—,—
Lancôme,lc,Teint Idole,ti,e0a16b,224,161,107,4,71.1465,17.3287,37.205,29.6129,Intermediate,Warm,—,—
Lancôme,lc,Teint Idole,ti,d0975d,208,151,93,4,66.7755,14.9302,38.7119,23.4291,Tan,Warm,—,—
Lancôme,lc,Teint Idole,ti,d29e6d,210,158,109,4,68.9402,13.3994,33.0326,29.8291,Intermediate,Warm,—,—
Lancôme,lc,Teint Idole,ti,c9925e,201,146,94,4,64.7918,14.8147,35.5596,22.5859,Tan,Warm,—,—
Lancôme,lc,Teint Idole,ti,ce8c5c,206,140,92,4,63.8789,19.9993,35.6103,21.2931,Tan,Warm,—,—
Lancôme,lc,Teint Idole,ti,bb7e44,187,126,68,4,57.9474,17.8616,40.5632,11.0853,Tan,Warm,—,—
Lancôme,lc,Teint Idole,ti,ce9163,206,145,99,4,65.1807,17.8806,33.4962,24.3803,Tan,Warm,—,—
Lancôme,lc,Teint Idole,ti,bd7f56,189,127,86,4,58.6688,19.549,31.9053,15.2005,Tan,Warm,—,—
Lancôme,lc,Teint Idole,ti,935427,147,84,39,4,42.2945,22.3095,36.6204,-11.8826,Brown,Warm,—,—
Lancôme,lc,Teint Idole,ti,bc7c56,188,124,86,4,57.828,20.7909,30.8196,14.2514,Tan,Warm,—,—
Lancôme,lc,Teint Idole,ti,aa6941,170,105,65,4,50.7251,22.0784,33.1138,1.2544,Brown,Warm,—,—
Lancôme,lc,Teint Idole,ti,9b5e41,155,94,65,4,46.1192,21.8792,27.0125,-8.1756,Brown,Warm,—,—
Lancôme,lc,Teint Idole,ti,8a4d30,138,77,48,4,39.4547,22.9315,28.1154,-20.5597,Brown,Warm,—,—
Lancôme,lc,Teint Idole,ti,7b3c11,123,60,17,4,32.8844,24.4319,36.8311,-24.9245,Brown,Warm,—,—
Lancôme,lc,Teint Idole,ti,7.03E+25,112,62,35,4,31.8343,19.2254,25.7431,-35.2088,Dark,Warm,—,—
Lancôme,lc,Teint Idole,ti,502716,80,39,22,4,20.8844,17.486,19.5927,-56.0623,Dark,Warm,—,—
Lancôme,lc,Teint Idole,ti,7c3f2c,124,63,44,4,34.0304,24.6039,23.4278,-34.2804,Dark,Warm,—,—
Lancôme,lc,Teint Idole,ti,391b11,57,27,17,4,13.7939,13.6504,13.1623,-70.0219,Dark,Cool,—,—
MAC,ma,Studio Fix,sff,d8b593,216,181,147,4,75.9185,7.7197,22.0445,49.6178,Light,Warm,NW25,NW25
MAC,ma,Studio Fix,sff,fbbe91,251,190,145,4,81.5018,16.3938,31.2149,45.2621,Light,Warm,NC25,NC25
MAC,ma,Studio Fix,sff,d2ae88,210,174,136,4,73.3848,7.7332,24.4182,43.7616,Light,Warm,NW30,NW30
MAC,ma,Studio Fix,sff,d0a87f,208,168,127,4,71.5204,9.0941,26.7252,38.8427,Intermediate,Warm,NW30,NW30
MAC,ma,Studio Fix,sff,d79051,215,144,81,4,65.741,20.7428,43.8375,19.752,Tan,Warm,NC40,NC40
MAC,ma,Studio Fix,sff,ffdbc2,255,219,194,4,89.7757,8.779,16.9129,66.9645,Very Light,Neutral,NC10,NC10
MAC,ma,Studio Fix,sff,ffc9a9,255,201,169,4,84.9456,14.8865,23.319,56.285,Very Light,Warm,NC20,NC20
MAC,ma,Studio Fix,sff,ffd7b4,255,215,180,4,88.5231,8.984,22.479,59.7356,Very Light,Warm,NC15,NC15
MAC,ma,Studio Fix,sff,dfc7a8,223,199,168,4,81.4908,3.6889,18.6166,59.4094,Very Light,Warm,NW20,NW20
MAC,ma,Studio Fix,sff,dabc96,218,188,150,4,77.9194,5.1628,23.2037,50.2702,Light,Warm,NW25,NW25
MAC,ma,Studio Fix,sff,d9b88f,217,184,143,4,76.6895,6.014,25.2483,46.5895,Light,Warm,NW25,NW25
MAC,ma,Studio Fix,sff,d4b588,212,181,136,4,75.3416,4.7871,27.0831,43.0974,Light,Warm,NC30,NC30
MAC,ma,Studio Fix,sff,d0ae84,208,174,132,4,73.1213,6.456,26.1798,41.4501,Light,Warm,NW30,NW30
MAC,ma,Studio Fix,sff,d3b18a,211,177,138,4,74.2726,6.7671,24.5595,44.6634,Light,Warm,NW25,NW25
MAC,ma,Studio Fix,sff,d1ac7f,209,172,127,4,72.6239,7.345,28.2111,38.7279,Intermediate,Warm,NW30,NW30
MAC,ma,Studio Fix,sff,d0a97b,208,169,123,4,71.7023,8.1034,29.1131,36.7026,Intermediate,Warm,NW30,NW30
MAC,ma,Studio Fix,sff,c9a177,201,161,119,4,68.9252,9.1426,27.4663,34.5681,Intermediate,Warm,NW30,NW30
MAC,ma,Studio Fix,sff,c5986d,197,152,109,4,66.084,11.3203,29.067,28.9576,Intermediate,Warm,NC40,NC40
MAC,ma,Studio Fix,sff,d5844b,213,132,75,4,62.6419,25.9862,43.2272,16.3017,Tan,Warm,NC42,NC42
MAC,ma,Studio Fix,sff,db864d,219,134,77,4,63.8756,27.5047,43.8276,17.5675,Tan,Warm,NC40,NC40
MAC,ma,Studio Fix,sff,b5855a,181,133,90,4,59.2863,13.2127,30.3058,17.0361,Tan,Warm,NC42,NC42
MAC,ma,Studio Fix,sff,b38456,179,132,86,4,58.7511,12.543,31.7651,15.4026,Tan,Warm,NC42,NC42
MAC,ma,Studio Fix,sff,e5d1be,229,209,190,4,84.985,3.891,11.9353,71.1627,Very Light,Neutral,NW15,NW15
MAC,ma,Studio Fix,sff,e0c8ae,224,200,174,4,81.9538,4.3884,16.087,63.2772,Very Light,Neutral,NW20,NW20
MAC,ma,Studio Fix,sff,e0c1a2,224,193,162,4,79.9525,6.4031,19.6884,56.6823,Very Light,Warm,NC25,NC25
MAC,ma,Studio Fix,sff,dcbca2,220,188,162,4,78.3403,7.5259,17.3942,58.46,Very Light,Neutral,NW25,NW25
MAC,ma,Studio Fix,sff,dbbc9f,219,188,159,4,78.1875,6.7348,18.7766,56.3311,Very Light,Warm,NW25,NW25
MAC,ma,Studio Fix,sff,d9b28d,217,178,141,4,75.15,8.9641,24.2338,46.0629,Light,Warm,NW25,NW25
MAC,ma,Studio Fix,sff,d5b293,213,178,147,4,74.8848,8.1538,20.5818,50.4064,Light,Warm,NW25,NW25
MAC,ma,Studio Fix,sff,d5ad89,213,173,137,4,73.4423,9.5782,24.0062,44.3191,Light,Warm,NW30,NW30
MAC,ma,Studio Fix,sff,d1a88a,209,168,138,4,71.8237,10.8135,21.1979,45.8334,Light,Warm,NW30,NW30
MAC,ma,Studio Fix,sff,cfa67d,207,166,125,4,70.8848,9.5416,26.9376,37.7865,Intermediate,Warm,NW30,NW30
MAC,ma,Studio Fix,sff,cba275,203,162,117,4,69.3433,9.1929,29.133,33.5828,Intermediate,Warm,NW30,NW30
MAC,ma,Studio Fix,sff,c39368,195,147,104,4,64.5402,12.716,29.7306,26.0616,Tan,Warm,NC40,NC40
MAC,ma,Studio Fix,sff,b28050,178,128,80,4,57.544,13.811,33.4883,12.6953,Tan,Warm,NC42,NC42
MAC,ma,Studio Fix,sff,b9855a,185,133,90,4,59.734,14.9013,30.9676,17.4494,Tan,Warm,NC42,NC42
MAC,ma,Studio Fix,sff,b27949,178,121,73,4,55.7077,17.1481,35.0153,9.2581,Brown,Warm,NC44,NC44
MAC,ma,Studio Fix,sff,ae7a50,174,122,80,4,55.582,15.4623,30.9446,10.2254,Tan,Warm,NC42,NC42
MAC,ma,Studio Fix,sff,a77246,167,114,70,4,52.6126,16.1023,32.5738,4.5856,Brown,Warm,NC44,NC44
MAC,ma,Studio Fix,sff,a0714d,160,113,77,4,51.634,14.2649,27.2822,3.4275,Brown,Warm,NC44,NC44
MAC,ma,Studio Fix,sff,a9734e,169,115,78,4,53.2198,17.0896,28.9546,6.3453,Brown,Warm,NC44,NC44
MAC,ma,Studio Fix,sff,724a32,114,74,50,4,35.4117,14.1576,21.2096,-34.5208,Dark,Warm,NC46,NC46
Bobbi Brown,br,Skin Long-Wear,slw,f5e0c8,245,224,200,4,90.2733,3.42,14.3577,70.3785,Very Light,Neutral,—,—
Bobbi Brown,br,Skin Long-Wear,slw,efcfaf,239,207,175,4,85.0337,6.4816,20.0497,60.2176,Very Light,Warm,—,—
Bobbi Brown,br,Skin Long-Wear,slw,e8bca4,232,188,164,4,79.5024,12.3582,18.109,58.4578,Very Light,Warm,—,—
Bobbi Brown,br,Skin Long-Wear,slw,e5bc92,229,188,146,4,78.8691,8.9576,26.7878,47.1416,Light,Warm,—,—
Bobbi Brown,br,Skin Long-Wear,slw,debe97,222,190,151,4,78.8059,5.7843,23.9398,50.271,Light,Warm,—,—
Bobbi Brown,br,Skin Long-Wear,slw,e9c9aa,233,201,170,4,82.9138,6.6859,19.6669,59.1405,Very Light,Warm,—,—
Bobbi Brown,br,Skin Long-Wear,slw,eac49f,234,196,159,4,81.5532,8.2611,23.628,53.173,Light,Warm,—,—
Bobbi Brown,br,Skin Long-Wear,slw,ecc3a1,236,195,161,4,81.5319,9.8045,22.57,54.4056,Light,Warm,—,—
Bobbi Brown,br,Skin Long-Wear,slw,e2b996,226,185,150,4,77.9166,9.8587,23.3218,50.1243,Light,Warm,—,—
Bobbi Brown,br,Skin Long-Wear,slw,d29e7b,210,158,123,4,69.1746,14.8528,25.7941,36.6261,Intermediate,Warm,—,—
Bobbi Brown,br,Skin Long-Wear,slw,d9a779,217,167,121,4,72.0756,12.6009,30.8403,35.5952,Intermediate,Warm,—,—
Bobbi Brown,br,Skin Long-Wear,slw,d6a075,214,160,117,4,69.9822,14.7457,30.1836,33.5054,Intermediate,Warm,—,—
Bobbi Brown,br,Skin Long-Wear,slw,d3996f,211,153,111,4,67.859,16.7128,30.5842,30.2819,Intermediate,Warm,—,—
Bobbi Brown,br,Skin Long-Wear,slw,d7a770,215,167,112,4,71.7286,10.8863,35.1193,31.7454,Intermediate,Warm,—,—
Bobbi Brown,br,Skin Long-Wear,slw,ca8f63,202,143,99,4,64.2453,17.3203,32.2136,23.8557,Tan,Warm,—,—
Bobbi Brown,br,Skin Long-Wear,slw,d29d71,210,157,113,4,68.7584,14.3367,30.6558,31.4626,Intermediate,Warm,—,—
Bobbi Brown,br,Skin Long-Wear,slw,d09059,208,144,89,4,65.0259,18.411,38.6623,21.2384,Tan,Warm,—,—
Bobbi Brown,br,Skin Long-Wear,slw,ca9450,202,148,80,4,65.2138,13.0239,43.3524,19.3377,Tan,Warm,—,—
Bobbi Brown,br,Skin Long-Wear,slw,cc9357,204,147,87,4,65.2749,14.9452,39.9015,20.9476,Tan,Warm,—,—
Bobbi Brown,br,Skin Long-Wear,slw,b27c3b,178,124,59,4,56.2851,14.4826,42.9383,8.3275,Brown,Warm,—,—
Bobbi Brown,br,Skin Long-Wear,slw,a86829,168,104,41,4,49.9623,20.3291,44.5057,-0.0485,Brown,Warm,—,—
Bobbi Brown,br,Skin Long-Wear,slw,b87840,184,120,64,4,56.0831,19.6349,40.3809,8.5668,Brown,Warm,—,—
Bobbi Brown,br,Skin Long-Wear,slw,9a4e28,154,78,40,4,41.9589,28.7302,36.039,-12.5779,Brown,Warm,—,—
Bobbi Brown,br,Skin Long-Wear,slw,81562f,129,86,47,4,40.4571,13.5661,29.5748,-17.8833,Brown,Warm,—,—
Bobbi Brown,br,Skin Long-Wear,slw,aa6a2f,170,106,47,4,50.7584,20.3797,42.5535,1.021,Brown,Warm,—,—
Bobbi Brown,br,Skin Long-Wear,slw,9b5127,155,81,39,4,42.7653,27.454,37.4701,-10.9282,Brown,Warm,—,—
Bobbi Brown,br,Skin Long-Wear,slw,7e462d,126,70,45,4,35.9964,21.5049,25.2948,-28.9696,Brown,Warm,—,—
Bobbi Brown,br,Skin Long-Wear,slw,8e4922,142,73,34,4,38.9546,26.0932,35.4543,-17.3039,Brown,Warm,—,—
Bobbi Brown,br,Skin Long-Wear,slw,7b2800,123,40,0,4,28.7196,34.5269,40.4221,-27.7648,Brown,Warm,—,—
Bobbi Brown,br,Skin Long-Wear,slw,623726,98,55,38,4,28.0325,17.2952,18.8193,-49.4137,Dark,Warm,—,—
Make Up For Ever,mu,Ultra HD,uhd,f9e3d5,249,227,213,1,91.6324,5.2721,9.5511,77.0791,Very Light,Cool,—,—
Make Up For Ever,mu,Ultra HD,uhd,f6d2bb,246,210,187,1,86.6403,9.164,16.0662,66.3233,Very Light,Neutral,—,—
Make Up For Ever,mu,Ultra HD,uhd,f9d5c3,249,213,195,1,87.8096,9.8326,13.5416,70.2949,Very Light,Neutral,—,—
Make Up For Ever,mu,Ultra HD,uhd,f7c3b3,247,195,179,1,82.946,16.2923,15.1249,65.341,Very Light,Cool,—,—
Make Up For Ever,mu,Ultra HD,uhd,deccaf,222,204,175,1,82.813,1.6945,16.7345,62.9786,Very Light,Neutral,—,—
Make Up For Ever,mu,Ultra HD,uhd,e1c2a8,225,194,168,1,80.4151,7.0739,17.1445,60.5907,Very Light,Neutral,—,—
Make Up For Ever,mu,Ultra HD,uhd,efd2b8,239,210,184,1,85.9594,6.1579,16.6008,65.2194,Very Light,Neutral,—,—
Make Up For Ever,mu,Ultra HD,uhd,f7bcb7,247,188,183,1,81.3805,20.5186,10.7704,71.0568,Very Light,Cool,—,—
Make Up For Ever,mu,Ultra HD,uhd,ebcab0,235,202,176,1,83.4631,7.7308,17.2808,62.6876,Very Light,Neutral,—,—
Make Up For Ever,mu,Ultra HD,uhd,eac1ac,234,193,172,1,81.0782,11.5408,16.058,62.6748,Very Light,Neutral,—,—
Make Up For Ever,mu,Ultra HD,uhd,e8c6a3,232,198,163,1,81.9413,6.955,22.0146,55.4246,Very Light,Warm,—,—
Make Up For Ever,mu,Ultra HD,uhd,f2ccb7,242,204,183,1,84.7323,10.2593,15.4445,66.0266,Very Light,Neutral,—,—
Make Up For Ever,mu,Ultra HD,uhd,dca795,220,167,149,1,72.9083,17.0332,16.8701,53.6314,Light,Cool,—,—
Make Up For Ever,mu,Ultra HD,uhd,e4bd9c,228,189,156,1,79.2087,9.2647,21.9194,53.1139,Light,Warm,—,—
Make Up For Ever,mu,Ultra HD,uhd,daad90,218,173,144,1,74.0668,12.4016,21.1572,48.6812,Light,Warm,—,—
Make Up For Ever,mu,Ultra HD,uhd,d8ab8b,216,171,139,1,73.2791,12.0778,22.7541,45.6534,Light,Warm,—,—
Make Up For Ever,mu,Ultra HD,uhd,ddb395,221,179,149,1,75.9365,10.9852,21.0705,50.91,Light,Warm,—,—
Make Up For Ever,mu,Ultra HD,uhd,e3b391,227,179,145,1,76.4467,12.8318,24.0114,47.7632,Light,Warm,—,—
Make Up For Ever,mu,Ultra HD,uhd,e3b296,227,178,150,1,76.2993,13.9703,21.1241,51.2279,Light,Warm,—,—
Make Up For Ever,mu,Ultra HD,uhd,dcb59c,220,181,156,1,76.4758,10.4394,18.0283,55.7477,Very Light,Warm,—,—
Make Up For Ever,mu,Ultra HD,uhd,d79e89,215,158,137,1,69.9715,18.456,19.3033,45.9747,Light,Warm,—,—
Make Up For Ever,mu,Ultra HD,uhd,d9a586,217,165,134,1,71.8156,15.1074,23.4937,42.8789,Light,Warm,—,—
Make Up For Ever,mu,Ultra HD,uhd,d19578,209,149,120,1,66.8307,19.0105,24.2794,34.7301,Intermediate,Warm,—,—
Make Up For Ever,mu,Ultra HD,uhd,e7b391,231,179,145,1,76.8457,14.3936,24.6194,47.477,Light,Warm,—,—
Make Up For Ever,mu,Ultra HD,uhd,d4a689,212,166,137,1,71.6074,12.9518,21.4951,45.1493,Light,Warm,—,—
Make Up For Ever,mu,Ultra HD,uhd,d69b81,214,155,129,1,68.9867,18.7473,22.3351,40.3673,Intermediate,Warm,—,—
Make Up For Ever,mu,Ultra HD,uhd,d59682,213,150,130,1,67.7045,21.177,20.0189,41.4892,Light,Warm,—,—
Make Up For Ever,mu,Ultra HD,uhd,c99980,201,153,128,1,67.0967,14.5569,20.0838,40.4067,Intermediate,Warm,—,—
Make Up For Ever,mu,Ultra HD,uhd,c98567,201,133,103,1,61.804,22.759,26.8404,23.7392,Tan,Warm,—,—
Make Up For Ever,mu,Ultra HD,uhd,c7977b,199,151,123,1,66.2954,14.2495,21.7198,36.8793,Intermediate,Warm,—,—
Make Up For Ever,mu,Ultra HD,uhd,be8470,190,132,112,1,60.4459,19.8112,19.7562,27.8672,Tan,Warm,—,—
Make Up For Ever,mu,Ultra HD,uhd,c78569,199,133,105,1,61.6016,22.1463,25.4174,24.534,Tan,Warm,—,—
Make Up For Ever,mu,Ultra HD,uhd,b68069,182,128,105,1,58.4194,17.9889,20.819,22.0189,Tan,Warm,—,—
Make Up For Ever,mu,Ultra HD,uhd,b17862,177,120,98,1,55.7492,19.6341,21.1115,15.2337,Tan,Warm,—,—
Make Up For Ever,mu,Ultra HD,uhd,996754,153,103,84,1,48.4033,17.7358,18.8656,-4.8377,Brown,Warm,—,—
Make Up For Ever,mu,Ultra HD,uhd,9c624a,156,98,74,1,47.3643,20.835,23.4146,-6.4226,Brown,Warm,—,—
Make Up For Ever,mu,Ultra HD,uhd,8e5642,142,86,66,1,42.4615,20.9862,21.4062,-19.4004,Brown,Warm,—,—
Make Up For Ever,mu,Ultra HD,uhd,784a42,120,74,66,1,36.5267,18.5612,12.9739,-46.0818,Dark,Cool,—,—
Make Up For Ever,mu,Ultra HD,uhd,895852,137,88,82,1,42.6241,19.4745,11.8559,-31.8869,Dark,Cool,—,—
Make Up For Ever,mu,Ultra HD,uhd,644136,100,65,54,1,31.2465,13.7415,12.9181,-55.4395,Dark,Cool,—,—
Hegai and Ester,he,Photo Perfect,pp,f6a762,246,167,98,5,74.8977,22.3928,46.962,27.9311,Tan,Warm,—,—
Hegai and Ester,he,Photo Perfect,pp,d76b4c,215,107,76,5,57.5472,39.9553,36.7655,11.6005,Tan,Warm,—,—
Hegai and Ester,he,Photo Perfect,pp,ad543d,173,84,61,5,46.3968,34.4994,30.226,-6.7981,Brown,Warm,—,—
Hegai and Ester,he,Photo Perfect,pp,c86835,200,104,53,5,54.4904,34.3607,44.7974,5.7241,Brown,Warm,—,—
Hegai and Ester,he,Photo Perfect,pp,904134,144,65,52,5,37.7689,32.3721,23.9016,-27.1001,Brown,Warm,—,—
Hegai and Ester,he,Photo Perfect,pp,92524e,146,82,78,5,42.3028,26.184,14.0431,-28.7277,Brown,Cool,—,—
Hegai and Ester,he,Photo Perfect,pp,bf6b44,191,107,68,5,54.039,29.9572,36.1134,6.3816,Brown,Warm,—,—
Hegai and Ester,he,Photo Perfect,pp,915831,145,88,49,5,43.096,19.7421,32.0833,-12.1443,Brown,Warm,—,—
Hegai and Ester,he,Photo Perfect,pp,ea8944,234,137,68,5,66.3703,31.5163,51.5831,17.6072,Tan,Warm,—,—
Hegai and Ester,he,Photo Perfect,pp,eebb7a,238,187,122,5,79.1134,10.5462,39.7923,36.1905,Intermediate,Warm,—,—
House of Tara,ht,Oil Free,off,ae7748,174,119,72,5,54.7222,16.4698,34.2484,7.8505,Brown,Warm,—,—
House of Tara,ht,Oil Free,off,b68358,182,131,88,5,58.8666,14.5605,30.8901,16.0154,Tan,Warm,—,—
House of Tara,ht,Oil Free,off,a77546,167,117,70,5,53.3646,14.4037,33.49,5.737,Brown,Warm,—,—
House of Tara,ht,Oil Free,off,a36c3b,163,108,59,5,50.4863,16.9189,35.8606,0.7769,Brown,Warm,—,—
House of Tara,ht,Oil Free,off,89562c,137,86,44,5,41.4642,16.9904,32.6641,-14.6451,Brown,Warm,—,—
House of Tara,ht,Oil Free,off,9a572c,154,87,44,5,44.0454,23.9408,36.1949,-9.3423,Brown,Warm,—,—
House of Tara,ht,Oil Free,off,904d2e,144,77,46,5,40.3045,25.3855,30.4777,-17.6468,Brown,Warm,—,—
House of Tara,ht,Oil Free,off,783f23,120,63,35,5,33.2865,22.231,27.733,-31.0756,Dark,Warm,—,—
House of Tara,ht,Oil Free,off,75391c,117,57,28,5,31.3305,23.9631,29.41,-32.4074,Dark,Warm,—,—
House of Tara,ht,Oil Free,off,602d18,96,45,24,5,25.0451,21.3606,23.8342,-46.3159,Dark,Warm,—,—
House of Tara,ht,Oil Free,off,5b2717,91,39,23,5,22.784,22.5759,21.6502,-51.4979,Dark,Warm,—,—
Trim & Prissy,tp,Flawless Finish,fff,e2ac7c,226,172,124,5,74.2737,13.856,32.2936,36.9306,Intermediate,Warm,—,—
Trim & Prissy,tp,Flawless Finish,fff,b17e4f,177,126,79,5,56.9141,14.4149,33.2252,11.7554,Tan,Warm,—,—
Trim & Prissy,tp,Flawless Finish,fff,8c5b3d,140,91,61,5,43.3532,16.7425,25.434,-14.6459,Brown,Warm,—,—
Trim & Prissy,tp,Flawless Finish,fff,b0704d,176,112,77,5,53.3368,21.6585,29.8429,6.3799,Brown,Warm,—,—
Trim & Prissy,tp,Flawless Finish,fff,d89757,216,151,87,5,67.5929,17.8035,43.0015,22.2506,Tan,Warm,—,—
Trim & Prissy,tp,Flawless Finish,fff,c48b58,196,139,88,5,62.4294,16.0392,35.6924,19.2,Tan,Warm,—,—
Trim & Prissy,tp,Hi - Def,hdf,fcd1a7,252,209,167,5,86.5479,9.3445,26.5085,54.0463,Light,Warm,—,—
Trim & Prissy,tp,Hi - Def,hdf,e2ac7c,226,172,124,5,74.2737,13.856,32.2936,36.9306,Intermediate,Warm,—,—
Trim & Prissy,tp,Hi - Def,hdf,b17e51,177,126,81,5,56.943,14.5899,32.1739,12.1775,Tan,Warm,—,—
Trim & Prissy,tp,Hi - Def,hdf,9d6d49,157,109,73,5,50.2011,14.8739,27.6459,0.4168,Brown,Warm,—,—
Trim & Prissy,tp,Hi - Def,hdf,b0704d,176,112,77,5,53.3368,21.6585,29.8429,6.3799,Brown,Warm,—,—
Trim & Prissy,tp,Hi - Def,hdf,8c5b3d,140,91,61,5,43.3532,16.7425,25.434,-14.6459,Brown,Warm,—,—
Trim & Prissy,tp,Hi - Def,hdf,795340,121,83,64,5,38.9368,13.3648,17.4718,-32.3421,Dark,Cool,—,—
Elsas Pro,ep,Full Coverage,fcf,815d51,129,93,81,5,42.8994,12.9984,12.6909,-29.2272,Brown,Cool,—,—
Elsas Pro,ep,Full Coverage,fcf,845949,132,89,73,5,42.0496,15.6603,16.426,-25.8276,Brown,Cool,—,—
Elsas Pro,ep,Full Coverage,fcf,8b614b,139,97,75,5,45.0077,14.2146,19.3372,-14.476,Brown,Warm,—,—
Elsas Pro,ep,Full Coverage,fcf,906656,144,102,86,5,47.1117,14.7407,15.7566,-10.3874,Brown,Cool,—,—
Elsas Pro,ep,Full Coverage,fcf,774c43,119,76,67,5,36.9236,17.0506,12.8712,-45.4531,Dark,Cool,—,—
Elsas Pro,ep,Full Coverage,fcf,734b41,115,75,65,5,36.0981,15.6604,12.9045,-47.1309,Dark,Cool,—,—
Elsas Pro,ep,Full Coverage,fcf,88614d,136,97,77,5,44.6887,13.1451,17.6619,-16.7371,Brown,Cool,—,—
Elsas Pro,ep,Full Coverage,fcf,ba8261,186,130,97,5,59.2226,17.6672,26.466,19.2119,Tan,Warm,—,—
Elsas Pro,ep,Full Coverage,fcf,d9ab88,217,171,136,5,73.3224,12.1142,24.4498,43.6481,Light,Warm,—,—
Elsas Pro,ep,Full Coverage,fcf,d49a74,212,154,116,5,68.2934,17.0798,28.4675,32.7251,Intermediate,Warm,—,—
Elsas Pro,ep,Full Coverage,fcf,cf8a60,207,138,96,5,63.5811,21.8382,33.1112,22.3018,Tan,Warm,—,—
Kuddy,ku,Matte Wear,mwf,c78660,199,134,96,5,61.6877,20.7353,30.5062,20.9631,Tan,Warm,—,—
Kuddy,ku,Matte Wear,mwf,e0a260,224,162,96,5,71.2382,15.8891,43.0022,26.2841,Tan,Warm,—,—
Kuddy,ku,Matte Wear,mwf,cc8b65,204,139,101,5,63.5443,20.5137,30.2735,24.1036,Tan,Warm,—,—
Kuddy,ku,Matte Wear,mwf,c78660,199,134,96,5,61.6877,20.7353,30.5062,20.9631,Tan,Warm,—,—
Kuddy,ku,Matte Wear,mwf,b2724f,178,114,79,5,54.0967,21.5539,29.7347,7.8445,Brown,Warm,—,—
RMK,rmk,RMK Liquid,lf,fcdba8,252,219,168,6,89.011,4.304,29.3243,53.0681,Light,Warm,—,—
RMK,rmk,RMK Liquid,lf,fbd099,251,208,153,6,85.968,7.8695,32.9752,47.4856,Light,Warm,—,—
RMK,rmk,RMK Liquid,lf,f7be87,247,190,135,6,80.9347,13.8066,35.6089,40.982,Intermediate,Warm,—,—
RMK,rmk,RMK Liquid,lf,f0a762,240,167,98,6,74.2202,19.9519,45.9916,27.7723,Tan,Warm,—,—
RMK,rmk,RMK Liquid,lf,e8a463,232,164,99,6,72.6346,18.3456,43.3708,27.5594,Tan,Warm,—,—
RMK,rmk,RMK Liquid,lf,fddcbb,253,220,187,6,89.7006,6.5753,20.4337,62.7653,Very Light,Warm,—,—
RMK,rmk,RMK Liquid,lf,f9c89f,249,200,159,6,83.9417,11.9332,27.1097,51.3852,Light,Warm,—,—
RMK,rmk,RMK Liquid,lf,f3c095,243,192,149,6,81.251,12.659,28.6384,47.4979,Light,Warm,—,—
RMK,rmk,RMK Liquid,lf,c17663,193,118,99,6,57.2671,27.3404,22.9161,17.5947,Tan,Warm,—,—
Addiction,ad,The Foundation,tf,ffdcbe,255,220,190,6,89.9363,7.7176,19.2252,64.294,Very Light,Warm,—,—
Addiction,ad,The Foundation,tf,ffd8b9,255,216,185,6,88.8641,9.1158,20.3416,62.3723,Very Light,Warm,—,—
Addiction,ad,The Foundation,tf,fdd5b4,253,213,180,6,87.857,9.27,21.5306,60.3716,Very Light,Warm,—,—
Addiction,ad,The Foundation,tf,fdcfad,253,207,173,6,86.2696,11.4956,23.0063,57.6125,Very Light,Warm,—,—
Addiction,ad,The Foundation,tf,fdcba6,253,203,166,6,85.1747,12.7243,25.1775,54.4055,Light,Warm,—,—
Addiction,ad,The Foundation,tf,fcc59e,252,197,158,6,83.4945,14.5389,27.0789,51.0459,Light,Warm,—,—
Addiction,ad,The Foundation,tf,f8bf88,248,191,136,6,81.2907,13.7768,35.5724,41.336,Light,Warm,—,—
Addiction,ad,The Foundation,tf,f3bc86,243,188,134,6,80.0359,13.1723,34.8828,40.7302,Intermediate,Warm,—,—
Addiction,ad,The Foundation,tf,eab17a,234,177,122,6,76.2801,14.2163,36.1016,36.0527,Intermediate,Warm,—,—
Addiction,ad,The Foundation,tf,e9b079,233,176,121,6,75.92,14.2496,36.1409,35.6478,Intermediate,Warm,—,—
Addiction,ad,The Foundation,tf,dfaa76,223,170,118,6,73.3815,13.1185,34.246,34.3234,Intermediate,Warm,—,—
Addiction,ad,The Foundation,tf,dda376,221,163,118,6,71.4713,16.0614,31.7325,34.0836,Intermediate,Warm,—,—
Addiction,ad,The Foundation,tf,daa272,218,162,114,6,70.8455,14.9921,32.9911,32.2868,Intermediate,Warm,—,—
Addiction,ad,The Foundation,tf,db9e70,219,158,112,6,69.9553,17.36,32.9307,31.215,Intermediate,Warm,—,—
Addiction,ad,The Foundation,tf,d69668,214,150,104,6,67.3599,18.9017,33.7706,27.2056,Tan,Warm,—,—
Addiction,ad,The Foundation,tf,c38355,195,131,85,6,60.3311,19.7693,34.6771,16.59,Tan,Warm,—,—
Addiction,ad,The Foundation,tf,c37f4e,195,127,78,6,59.2813,21.4191,37.1419,14.0302,Tan,Warm,—,—
Shu Uemera,su,Petal Skin Fluid,psf,e9a986,233,169,134,6,74.4598,19.2765,27.3408,41.8167,Light,Warm,—,—
Shu Uemera,su,Petal Skin Fluid,psf,fac6a1,250,198,161,6,83.5936,13.5954,25.6033,52.6872,Light,Warm,—,—
Shu Uemera,su,Petal Skin Fluid,psf,c99e76,201,158,118,6,68.1537,10.6606,26.9855,33.9295,Intermediate,Warm,—,—
Shu Uemera,su,Petal Skin Fluid,psf,e0aa7c,224,170,124,6,73.5807,14.1213,31.3491,36.9504,Intermediate,Warm,—,—
Shu Uemera,su,Petal Skin Fluid,psf,ebc095,235,192,149,6,80.4787,9.5425,27.4673,47.9749,Light,Warm,—,—
Shu Uemera,su,Petal Skin Fluid,psf,f9dabd,249,218,189,6,88.9028,6.4003,18.226,64.8969,Very Light,Warm,—,—
Shu Uemera,su,Petal Skin Fluid,psf,af8749,175,135,73,6,58.9041,8.0223,38.7626,12.9369,Tan,Warm,—,—
Shu Uemera,su,Petal Skin Fluid,psf,c89a5e,200,154,94,6,66.6728,10.0312,37.8711,23.7616,Tan,Warm,—,—
Shu Uemera,su,Petal Skin Fluid,psf,dbab6d,219,171,109,6,73.0838,10.1031,38.4844,30.9563,Intermediate,Warm,—,—
Shu Uemera,su,Petal Skin Fluid,psf,e5bf81,229,191,129,6,79.3321,5.5055,36.2964,38.9426,Intermediate,Warm,—,—
Shu Uemera,su,Petal Skin Fluid,psf,f4d6a4,244,214,164,6,87.0009,3.3426,28.5595,52.3369,Light,Warm,—,—
Shiseido,sh,Synchro Skin,ss,edb899,237,184,153,6,78.8032,15.013,23.1053,51.2642,Light,Warm,130,Opal
Shiseido,sh,Synchro Skin,ss,e8b193,232,177,147,6,76.5024,16.0808,23.0969,48.9278,Light,Warm,140,Porcelain
Shiseido,sh,Synchro Skin,ss,ebb68c,235,182,140,6,77.8832,13.8044,28.7473,44.1258,Light,Warm,140,Porcelain
Shiseido,sh,Synchro Skin,ss,e9b085,233,176,133,6,76.1123,15.4463,30.0715,40.9691,Intermediate,Warm,140,Porcelain
Shiseido,sh,Synchro Skin,ss,d69e7b,214,158,123,6,69.5989,16.4576,26.4354,36.5528,Intermediate,Warm,150,Lace
Shiseido,sh,Synchro Skin,ss,cb9068,203,144,104,6,64.6794,17.6582,30.0816,26.0117,Tan,Warm,160,Shell
Kate,ka,Secret Skin Maker Zero,ssm,f7d5bb,247,213,187,6,87.4618,7.9744,17.2315,65.2987,Very Light,Neutral,—,—
Kate,ka,Secret Skin Maker Zero,ssm,e8b793,232,183,147,6,77.9526,12.8935,25.0677,48.1145,Light,Warm,—,—
Kate,ka,Secret Skin Maker Zero,ssm,dca67e,220,166,126,6,72.2262,14.8709,28.4197,38.0279,Intermediate,Warm,—,—
Kate,ka,Secret Skin Maker Zero,ssm,ebbd88,235,189,136,6,79.521,9.6778,33.018,41.7995,Light,Warm,—,—
Kate,ka,Secret Skin Maker Zero,ssm,d19c72,209,156,114,6,68.4234,14.5733,29.6597,31.8469,Intermediate,Warm,—,—
Kate,ka,Secret Skin Maker Zero,ssm,c28660,194,134,96,6,61.1032,18.6713,29.6386,20.5369,Tan,Warm,—,—
IPSA,ip,Liquid Foundation,lf,edc69f,237,198,159,6,82.3238,8.3646,24.7249,52.5872,Light,Warm,—,—
IPSA,ip,Liquid Foundation,lf,efc9a5,239,201,165,6,83.3594,8.3091,23.008,55.4059,Very Light,Warm,—,—
IPSA,ip,Liquid Foundation,lf,ecbb9a,236,187,154,6,79.4478,13.1601,23.4362,51.4853,Light,Warm,—,—
IPSA,ip,Liquid Foundation,lf,e9b494,233,180,148,6,77.3445,14.9922,23.7243,49.0548,Light,Warm,—,—
IPSA,ip,Liquid Foundation,lf,e7aa8d,231,170,141,6,74.6124,18.7283,23.7405,46.033,Light,Warm,—,—
IPSA,ip,Liquid Foundation,lf,edc0a3,237,192,163,6,80.9331,12.0189,20.6987,56.2118,Very Light,Warm,—,—
Dior,di,Diorskin Forever,df,e6c6ad,230,198,173,6,81.9629,7.5422,16.7096,62.4003,Very Light,Neutral,2N,Neutral
Dior,di,Diorskin Forever,df,e7cbac,231,203,172,6,83.2741,5.1577,19.0818,60.1669,Very Light,Warm,2N,Neutral
Dior,di,Diorskin Forever,df,edc8af,237,200,175,6,83.1309,9.3909,17.3737,62.3277,Very Light,Neutral,1W,Warm
Dior,di,Diorskin Forever,df,e2bda2,226,189,162,6,79.1415,9.28,18.5922,57.4622,Very Light,Warm,2N,Neutral
Dior,di,Diorskin Forever,df,e4bf9a,228,191,154,6,79.6652,7.9561,23.6084,51.4862,Light,Warm,2N,Neutral
Dior,di,Diorskin Forever,df,d7a98a,215,169,138,6,72.6673,12.6384,22.4464,45.2805,Light,Warm,2W,Warm
NARS,na,Velvet Matte,vm,fad8a7,250,216,167,6,88.0781,4.9646,28.5513,53.1371,Light,Warm,—,—
NARS,na,Velvet Matte,vm,efbf99,239,191,153,6,80.6912,12.0909,25.7067,50.0507,Light,Warm,—,—
NARS,na,Velvet Matte,vm,f6d0a1,246,208,161,6,85.645,6.8512,28.3181,51.5347,Light,Warm,—,—
NARS,na,Velvet Matte,vm,ecb98c,236,185,140,6,78.7098,12.6113,29.8657,43.8695,Light,Warm,—,—
NARS,na,Velvet Matte,vm,e7ab74,231,171,116,6,74.431,15.6351,36.8076,33.5742,Intermediate,Warm,—,—
NARS,na,Velvet Matte,vm,e6b685,230,182,133,6,77.2656,11.0706,31.537,40.8454,Intermediate,Warm,—,—
NARS,na,Velvet Matte,vm,dd9e6d,221,158,109,6,70.1285,17.8947,34.7929,30.0504,Intermediate,Warm,—,—
NARS,na,Velvet Matte,vm,e4aa7c,228,170,124,6,73.9981,15.7259,31.9739,36.8902,Intermediate,Warm,—,—
NARS,na,Velvet Matte,vm,dfa575,223,165,117,6,72.1515,15.6984,33.188,33.7213,Intermediate,Warm,—,—
NARS,na,Velvet Matte,vm,da9b5a,218,155,90,6,68.8155,16.702,42.9863,23.6394,Tan,Warm,—,—
NARS,na,Velvet Matte,vm,e4a36a,228,163,106,6,72.0487,17.8045,38.9511,29.5125,Intermediate,Warm,—,—
NARS,na,Velvet Matte,vm,ca8a55,202,138,85,6,62.8367,18.8615,37.9378,18.6939,Tan,Warm,—,—
NARS,na,Velvet Matte,vm,ce8440,206,132,64,6,61.6516,22.4137,47.3574,13.8223,Tan,Warm,—,—
Lakmé,la,Invisible Finish,if,c39d76,195,157,118,7,67.2961,8.7658,25.737,33.9024,Intermediate,Warm,—,—
Lakmé,la,Invisible Finish,if,bc8b63,188,139,99,7,61.7051,13.7094,28.6362,22.2324,Tan,Warm,—,—
Lakmé,la,Invisible Finish,if,c88f72,200,143,114,7,64.2749,18.0122,23.9934,30.7506,Intermediate,Warm,—,—
Lakmé,la,Invisible Finish,if,deaf91,222,175,145,7,74.9734,13.0149,21.922,48.7229,Light,Warm,—,—
Colorbar,cb,Perfect Match,pm,cd9d77,205,157,119,7,68.334,12.9378,26.7561,34.42,Intermediate,Warm,—,—
Colorbar,cb,Perfect Match,pm,ecc3a5,236,195,165,7,81.6102,10.3141,20.5557,56.9646,Very Light,Warm,—,—
Colorbar,cb,Perfect Match,pm,e5ae87,229,174,135,7,75.2528,15.1416,27.7902,42.2612,Light,Warm,—,—
Bharat & Doris,bd,Liquid Foundation,lf,d7ac7a,215,172,122,7,73.1277,9.2149,31.6456,36.1606,Intermediate,Warm,—,—
Bharat & Doris,bd,Liquid Foundation,lf,d7b182,215,177,130,7,74.5114,7.4153,29.2193,39.9925,Intermediate,Warm,—,—
Bharat & Doris,bd,Liquid Foundation,lf,ce9c6a,206,156,106,7,67.9773,12.548,33.3125,28.3538,Intermediate,Warm,—,—
Bharat & Doris,bd,Liquid Foundation,lf,eec693,238,198,147,7,82.2031,7.3382,30.8722,46.2088,Light,Warm,—,—
Bharat & Doris,bd,Liquid Foundation,lf,d7c499,215,196,153,7,79.7433,0.1813,24.0544,51.0364,Light,Warm,—,—
Bharat & Doris,bd,Liquid Foundation,lf,e3b385,227,179,133,7,76.2326,11.4692,30.1196,41.0542,Light,Warm,—,—
Bharat & Doris,bd,Liquid Foundation,lf,cba167,203,161,103,7,68.8722,8.3089,35.9715,27.6834,Tan,Warm,—,—
Olivia,ol,Foundation,fo,eb893e,235,137,62,7,66.4471,31.6407,54.4958,16.7941,Tan,Warm,—,—
Olivia,ol,Foundation,fo,ef9a5a,239,154,90,7,71.011,25.8675,46.1821,24.4636,Tan,Warm,—,—
Olivia,ol,Foundation,fo,d0803b,208,128,59,7,60.9284,25.1553,49.0461,12.5614,Tan,Warm,—,—
Olivia,ol,Foundation,fo,b76f47,183,111,71,7,53.9133,24.6778,34.0727,6.5518,Brown,Warm,—,—
Blue Heaven,bh,X Factor,xf,ebb08a,235,176,138,7,76.4058,16.7686,27.8379,43.4877,Light,Warm,—,—
Blue Heaven,bh,X Factor,xf,e8b684,232,182,132,7,77.4479,11.7615,32.3397,40.3225,Intermediate,Warm,—,—
Lotus Herbals,lh,Make-Up Ecostay,mue,eec1a2,238,193,162,7,81.2519,11.7475,21.6848,55.2443,Very Light,Warm,—,—
Lotus Herbals,lh,Make-Up Ecostay,mue,b7a597,183,165,151,7,68.9049,4.2013,9.6278,63.0114,Very Light,Cool,—,—
Lotus Herbals,lh,Make-Up Ecostay,mue,f0c092,240,192,146,7,80.9065,11.1536,29.7028,46.1377,Light,Warm,—,—
Lotus Herbals,lh,Make-Up Ecostay,mue,d0985f,208,152,95,7,67.0473,14.5543,38.0017,24.1607,Tan,Warm,—,—
Nykaa,ny,SKINgenius,sg,cb9070,203,144,112,7,64.8153,18.4651,25.8776,29.7918,Intermediate,Warm,—,—
Nykaa,ny,SKINgenius,sg,dfab86,223,171,134,7,73.8927,14.2594,26.3983,42.1478,Light,Warm,—,—
Nykaa,ny,SKINgenius,sg,d19676,209,150,118,7,67.0348,18.2511,25.6505,33.5886,Intermediate,Warm,—,—
Nykaa,ny,SKINgenius,sg,d4ac93,212,172,147,7,73.2919,10.9851,18.3701,51.7375,Light,Warm,—,—
Nykaa,ny,SKINgenius,sg,ebc7af,235,199,175,7,82.7033,9.1668,16.7488,62.881,Very Light,Neutral,—,—
Maybelline,mb,Fit Me Matte,fmm,f7d1bc,247,209,188,7,86.5079,10.1926,15.3659,67.1741,Very Light,Neutral,—,—
Maybelline,mb,Fit Me Matte,fmm,f3b989,243,185,137,7,79.3635,15.0541,32.4367,42.1531,Light,Warm,—,—
Maybelline,mb,Fit Me Matte,fmm,f0ba81,240,186,129,7,79.1739,12.5379,36.3042,38.7852,Intermediate,Warm,—,—
Maybelline,mb,Fit Me Matte,fmm,ebba8a,235,186,138,7,78.8202,11.4724,31.0475,42.8694,Light,Warm,—,—
Maybelline,mb,Fit Me Matte,fmm,d69c74,214,156,116,7,68.9941,16.8056,29.4284,32.8396,Intermediate,Warm,—,—
Maybelline,mb,Fit Me Matte,fmm,f9d0b0,249,208,176,7,86.2001,9.8485,21.2784,59.553,Very Light,Warm,—,—
Maybelline,mb,Fit Me Matte,fmm,fbd5bd,251,213,189,7,87.8596,9.7258,16.7912,66.0821,Very Light,Neutral,—,—
Maybelline,mb,Fit Me Matte,fmm,e7b9a2,231,185,162,7,78.6348,13.3065,17.9602,57.9034,Very Light,Cool,—,—
Maybelline,mb,Fit Me Matte,fmm,dcb297,220,178,151,7,75.6329,11.3871,19.5592,52.6545,Light,Warm,—,—
Maybelline,mb,Fit Me Matte,fmm,e6b898,230,184,152,7,78.0947,12.1863,22.5592,51.2366,Light,Warm,—,—
Maybelline,mb,Fit Me Matte,fmm,ebbf93,235,191,147,7,80.1978,9.8374,28.1443,47.0158,Light,Warm,—,—
Maybelline,mb,Fit Me Matte,fmm,efb793,239,183,147,7,78.6519,15.6198,26.1316,47.634,Light,Warm,—,—
Maybelline,mb,Fit Me Matte,fmm,ebba8a,235,186,138,7,78.8202,11.4724,31.0475,42.8694,Light,Warm,—,—
Maybelline,mb,Fit Me Matte,fmm,f3b27d,243,178,125,7,77.5069,17.5732,36.3004,37.1533,Intermediate,Warm,—,—
L'Oréal,lo,True Match,tms,693720,105,55,32,7,29.0065,20.0146,23.9514,-41.2347,Dark,Warm,—,—
L'Oréal,lo,True Match,tms,b07555,176,117,85,7,54.6685,19.5772,27.0477,9.7929,Brown,Warm,—,—
L'Oréal,lo,True Match,tms,bc6d4e,188,109,78,7,54.2183,28.3695,30.7226,7.818,Brown,Warm,—,—
L'Oréal,lo,True Match,tms,c29979,194,153,121,7,66.2391,10.9012,22.6588,35.6284,Intermediate,Warm,—,—
L'Oréal,lo,True Match,tms,ddb496,221,180,150,7,76.2031,10.5783,20.8986,51.4255,Light,Warm,—,—
L'Oréal,lo,True Match,tms,eebfa3,238,191,163,7,80.7861,12.9275,20.5108,56.327,Very Light,Warm,—,—
L'Oréal,lo,True Match,tms,e7cbb5,231,203,181,7,83.4625,6.4251,14.5764,66.4619,Very Light,Neutral,—,—
L'Oréal,lo,True Match,tms,dcb29a,220,178,154,7,75.6941,11.7777,18.023,54.9524,Light,Warm,—,—
L'Oréal,lo,True Match,tms,f0c7b3,240,199,179,7,83.2466,11.5841,15.4517,65.0729,Very Light,Neutral,—,—
L'Oréal,lo,True Match,tms,eecfba,238,207,186,7,85.1743,7.637,14.4282,67.697,Very Light,Neutral,—,—
L'Oréal,lo,True Match,tms,e8c7b8,232,199,184,7,82.628,9.3323,11.8126,70.0978,Very Light,Neutral,—,—
L'Oréal,lo,True Match,tms,f0cbb9,240,203,185,7,84.3504,10.3241,13.8203,68.0834,Very Light,Neutral,—,—
L'Oréal,lo,True Match,tms,e9c4b1,233,196,177,7,81.827,10.2767,14.4269,65.6156,Very Light,Neutral,—,—
L'Oréal,lo,True Match,tms,eabea1,234,190,161,7,80.1202,11.6744,20.5976,55.6339,Very Light,Warm,—,—
